{
    "name": "kreepysguns:ugrooms",
    "fallback": "minecraft:empty",
    "elements": [
        {
            "weight": 25,
            "element": {
                "location":"minecraft:deadend",
                "processors": "minecraft:empty",
                "projection": "rigid",
                "element_type": "minecraft:single_pool_element"
            }
        },
        {
            "weight": 50,
            "element": {
                "location":"minecraft:strturn",
                "processors": "minecraft:empty",
                "projection": "rigid",
                "element_type": "minecraft:single_pool_element"
            }
        },
        {
            "weight": 50,
            "element": {
                "location":"minecraft:lturn",
                "processors": "minecraft:empty",
                "projection": "rigid",
                "element_type": "minecraft:single_pool_element"
            }
        },
        {
            "weight": 50,
            "element": {
                "location":"minecraft:tturn",
                "processors": "minecraft:empty",
                "projection": "rigid",
                "element_type": "minecraft:single_pool_element"
            }
        },
        {
            "weight": 50,
            "element": {
                "location":"minecraft:xturn",
                "processors": "minecraft:empty",
                "projection": "rigid",
                "element_type": "minecraft:single_pool_element"
            }
        },
        {
            "weight": 1,
            "element": {
                "location":"minecraft:wall",
                "processors": "minecraft:empty",
                "projection": "rigid",
                "element_type": "minecraft:single_pool_element"
            }
        }
    ]
}