{
    "type": "minecraft:crafting_shaped",
    "pattern": [
        "G#G",
        "ASA",
        "GDG"
    ],
    "key": {
        "#": {
            "item": "minecraft:iron_nugget"
        },
        "G": {
            "item": "minecraft:gunpowder"
        },
        "S": {
            "item": "snowball"
        },
        "D": {
            "item": "soul_sand"
        },
        "A": {
            "item": "spectral_arrow"
        }
    },
    "result": {
        "item": "knowledge_book",
        "count": 1
    }
}