{
    "type": "minecraft:crafting_shaped",
    "pattern": [
        "###",
        "RRR",
        "GCG"
    ],
    "key": {
        "#": {
            "item": "minecraft:gold_nugget"
        },
        "R": {
            "item": "minecraft:redstone"
        },
        "G": {
            "item": "minecraft:gunpowder"
        },
        "C": {
            "item": "minecraft:crossbow"
        }
    },
    "result": {
        "item": "knowledge_book",
        "count": 1
    }
}